,micro_precision,micro_recall,micro_f1,accuracy,avg_jaccard
overall,0.7499171911228883,0.7874782608695652,0.7682388870037327,0.7190388170055453,0.7399209283220374
N=2,0.8126195028680688,0.8268482490272373,0.819672131147541,0.7616822429906542,0.7811526479750779
N=3,0.7148372862658577,0.7610099823840282,0.7372013651877134,0.6900940785832872,0.7102933038184837
