,micro_precision,micro_recall,micro_f1,accuracy,avg_jaccard
overall,0.8429793658782083,0.8333333333333334,0.8381285964473355,0.7710843373493976,0.7959664745940283
N=2,0.8240418118466899,0.8262008733624454,0.825119930222416,0.7572977481234362,0.7756463719766472
N=3,0.8688915375446961,0.8427745664739884,0.8556338028169014,0.7943661971830986,0.8302816901408451
